актёрский состав хорош ведущими персонажами где тай шеридан вновь заполучил роль в большом блокбастере;1
неплохо справилась со своей ролью;1
здесь же со своей дерзкой короткой стрижкой и великолепной игрой она выступила на шагов вперед;1
это было приятное и захватывающее путешествие;1
флешбеки ностальгии будут настигать вас по всей трассе этой невероятной киноленты;
игра актеров не вызывает сомнений в их уровне мастерства;1
эмоции виртуальных персонажей идеальны;1
подводя итоги можно сказать что фильм сплошной экстаз;1
с первых его секунд превратилась в самого ярого из поклонников сериала;1
прекрасен соединением адекватного цинизма и жизнерадостности неприкрытой реальности;1
главные героини равно как и актрисы их сыгравшие просто потрясающие;1
спасибо создателям сериала за обретенное понимание что жизнь может быть интересной и прекрасной в любом возрасте;1
торжественно заявляю что знакомство с трилогией крёстный отец самой успешной и популярной франшизой о сицилийской мафии успешно завершено;1
история появления третьей серии знаменитого фильма крёстный отец интересна сама по себе;1
фильм академия рашмор впервые в полной мере нам явил гений уэса андерсона как режиссера;1
алиенист стал для меня своего рода открытием;1
джон мур приятный теплый добрый эмоциональный иногда неловкий поначалу кажется ненадежным и недалеким;1
у этого парня есть стержень так сразу и незаметный нечеткий но есть;1
данная картина дарит тонну смеха улыбка не слазит с лица не только во время просмотра но и далеко после;1
фильм буду настоятельно рекомендовать к просмотру он точно способен поднять настроение;1
свыше двух часов экранного времени лента сохраняет заданную изначально динамику и практически галопом несётся до самого финала;1
советское кино всегда отличалось толерантностью к другим культурам показывая что наша планета прекрасна в своем разнообразии;1
лента примечательна тем что стала режиссерским дебютом итальянского писателя донато карризи который перенёс на экран собственный роман;1
картина отлично раскрывается именно в качестве драмы пласт которой и развивает крайне нетривиальным образом;1
два с половиной часа ленты пролетают на одном дыхании когда зритель окунается в мир оазиса где и пропадает вместе с главным героем;1
и отличия ценностей двух противоборствующих сторон этой вселенной совершенно понятны;1
все кинокритики почти в один голос кричали в восторге попав на предпоказы нового фильма спилберга про виртуальный мир и компьютерные игры;1
сюжет проработан достаточно хорошо история понятная и цельная;1
компьютерная вселенная под завязку набита различными отсылками к игровой и поп-культуре а количество мелких деталей просто будоражит мозг;1
Смотрится он в целом хорошо, даже позитивно, хоть и несколько затянуто;1
Я рекомендую этот фильм к просмотру, потому что он жесток и милосерден одновременно;1
Чем реально хорош фильм — развлекательностью. Невероятно красивая графика, миллион отсылок, крутой саундтрек;1
По итогу, «Первому игроку приготовиться» — это хорошая жвачка для глаз, с невероятно крутым визуалом;1
Развернуть анализ положительной стороны фильма на три абзаца не получится, потому что плюс всего один: хорошо поставленные драки и погони;1
Фильм визуально потрясающий, довольно необычный и интересный, для «чокнутых» гиков зайдёт просто на ура;1
И тем не менее Стюарт вовсе не собирался унывать, так как имел в планах помпезное возрождение творчества;1
В плюс картине я бы также записала в целом интересных персонажей, большинство из которых — яркие, хорошо прописанные личности, воплощенные в хороших актерских работах;1
сценарная работа, которая, очевидно, представляет собой с любовью перенесенный на киноэкран первоисточник, актерские работы, большое количество интересных смысловых пластов;1
В пользу фильма срабатывает актерская игра, прописанные персонажи, а также прекрасные диалоги;1
Резюмирая, скажу, что мне фильм очень понравился;1
Том Холланд в роли Питера Паркера (Человека-Паука) просто превосходно вписался в образ и является наиболее приближенным к оригиналу Человеком-пауком, таким каким он должен быть;1
Благодаря своей харизме и актерской игре он вытягивает этого персонажа на новый уровень. Порадовали так же и второстепенные персонажи;1
это идеально снятая и написанная комедия, призванная лишь рассмешить, заглянуть в прошлое и сделать определённые выводы;1
Хороший фильм, с хорошими актерами, с хорошей смысловой нагрузкой и моралью;1
Прекрасное величие этой любви воспринимается как большое чудо;1
удивит одновременно красотой пейзажей и высоким градусом жестокости сцен насилия, приятной обстановкой Скандинавии X века нашей эры со всей красотой пейзажей и старинных построек;1
в целом моё впечатление — сугубо положительное. Это очаровательный, светлый фильм, смотря который, ты невольно улыбаешься и умиляешься, даже если не питаешь тёплых чувств к детям;1
После блестящих шестнадцати частей, не побоюсь этого слова, самого эпохального и масштабного киносериала всех времен и народов;1
Но несмотря на это, в большинстве случаев его творения сопровождает успех, поскольку сделаны исключительно правильно, по всем канонам кинематографа что ли;1
И стоит признать, что справляется оно с этим на ура: думаю, при просмотре этого аттракциона как никогда уместно будет посоветовать поменьше обращать внимание на сюжетные неровности и просто ловить кайф от происходящего;1
Мироощущение и переживания Элио излагаются неспешно и лаконично, давая зрителю расслабится под уютную летнюю картинку и недолгую беззаботность юношеских дней;1
Впрочем, для серьёзных мыслей обычно снимается другое кино, а здесь проще забыть о том, что происходит за окном и насладиться самой дорогостоящей рекламой очков виртуальной реальности;1
После фильма я до сих пор в отличном настроении;1
В целом это замечательный фильм с хорошим посылом зрителю, который никого не оставит равнодушным;1
Берия получился на высочайшем уровне. Передача и правдоподобность Хрущева и Маленкова вызывали частые овации в зале, ибо Тэмбор и Бушеми справились со своими ролями без каких-либо претензий;1
К данной картине совсем нельзя придраться. Сюжет, актерская игра, операторская работа — абсолютно все в этой картине вышло на высоком уровне;1
